-- 用户表数据
INSERT INTO users (created_at, updated_at, name, password, email, avatar, profile, admin, region_id) VALUES
(NOW(), NOW(), 'admin', '$2a$10$KgMRjQpfVD.U0cPD5O0HQuQYnw1RhBkVZH6TP/0BfAvF4zDZvv1qe', 'admin@wuhan.gov.cn', '/avatars/admin.png', '系统管理员，负责全市内涝隐患管理', true, NULL),
(NOW(), NOW(), 'jianghan_volunteer', '$2a$10$Y7EJQhQpvG5JyF9m3VrTj.hCgGfPZ.r/TmV6AqdQZiLFxBLQK2ZWO', 'volunteer@jianghan.gov.cn', '/avatars/jianghan.png', '江汉区志愿者，专注于区内内涝事件记录与资源协调', false, 1),
(NOW(), NOW(), 'qiaokou_officer', '$2a$10$ujF9LfU5Gce7LPhj/IPF0ujCBzpLUBTNZG9RXQP1m83dI8yZl8O7e', 'officer@qiaokou.gov.cn', '/avatars/qiaokou.png', '硚口区防汛办公室工作人员', false, 2),
(NOW(), NOW(), 'hongshan_tech', '$2a$10$6lQfsTUiVoEDYHJj6YYbUOB3vYsA3rrRlrMD3CKsyAVRRFySD7i7e', 'tech@hongshan.gov.cn', '/avatars/hongshan.png', '洪山区技术支持人员，负责传感器维护', false, 3),
(NOW(), NOW(), 'hanyang_expert', '$2a$10$5qXsOLKEPHYC9tI02BPu1eK1pYDw9cS5j98hxmJxWEu6Yv.zZBYaa', 'expert@hanyang.gov.cn', '/avatars/hanyang.png', '汉阳区水利专家，提供专业防汛建议', false, 4),
(NOW(), NOW(), 'wuchang_coordinator', '$2a$10$HfEp.PYsQJMqyK5cBsqiQ.mKCeCEH3NLgndh1DaJkpL0XQp5Ek5hO', 'coordinator@wuchang.gov.cn', '/avatars/wuchang.png', '武昌区防汛协调员，负责资源调配', false, 5);

-- 内涝事件表数据
INSERT INTO events (created_at, start_time, end_time, user_id, severity, coordinate, description) VALUES
(NOW(), '2024-07-15 08:00:00', '2024-07-15 16:30:00', 2, 3, '[[[
    [114.283, 30.584],
    [114.293, 30.584],
    [114.293, 30.574],
    [114.283, 30.574],
    [114.283, 30.584]
]]]', '江汉区解放大道附近道路积水严重，最深处约30cm，影响车辆通行'),
(NOW(), '2024-07-22 13:00:00', '2024-07-22 19:45:00', 3, 4, '[[[
    [114.214, 30.573],
    [114.224, 30.573],
    [114.224, 30.563],
    [114.214, 30.563],
    [114.214, 30.573]
]]]', '硚口区古田二路地下通道完全被水淹没，积水深度超过50cm，交通完全中断'),
(NOW(), '2024-08-05 07:30:00', '2024-08-05 14:00:00', 4, 2, '[[[
    [114.342, 30.523],
    [114.352, 30.523],
    [114.352, 30.513],
    [114.342, 30.513],
    [114.342, 30.523]
]]]', '洪山区珞喻路光谷广场附近出现轻微积水，约15cm深'),
(NOW(), '2024-08-12 16:00:00', '2024-08-12 23:00:00', 5, 5, '[[[
    [114.218, 30.533],
    [114.228, 30.533],
    [114.228, 30.523],
    [114.218, 30.523],
    [114.218, 30.533]
]]]', '汉阳区鹦鹉大道严重内涝，多个小区一楼被淹，需紧急转移居民'),
(NOW(), '2024-09-01 09:15:00', '2024-09-01 18:30:00', 6, 3, '[[[
    [114.303, 30.543],
    [114.313, 30.543],
    [114.313, 30.533],
    [114.303, 30.533],
    [114.303, 30.543]
]]]', '武昌区中南路与东亭路交叉口积水严重，交通受阻');

-- 区域事件关联表数据
INSERT INTO region_events (region_id, event_id) VALUES
(1, 1),  -- 江汉区关联事件1
(2, 2),  -- 硚口区关联事件2
(3, 3),  -- 洪山区关联事件3
(4, 4),  -- 汉阳区关联事件4
(5, 5),  -- 武昌区关联事件5
(6, 4);  -- 江夏区也关联事件4（跨区事件）

-- 历史数据表
INSERT INTO histories (created_at, region_id, rainfall, waterlevel, description) VALUES
(NOW(), 1, 85.6, 23.4, '江汉区7月暴雨期间最大降水量记录，长江水位明显上涨'),
(NOW(), 2, 92.3, 24.1, '硚口区严重暴雨导致排水系统超负荷，多处低洼地带积水'),
(NOW(), 3, 67.8, 18.9, '洪山区降水中等，南湖水位轻微上涨'),
(NOW(), 4, 103.5, 25.7, '汉阳区遭遇特大暴雨，汉江水位接近警戒线'),
(NOW(), 5, 76.2, 22.3, '武昌区降水较大，沿江路段出现不同程度积水'),
(NOW(), 6, 81.4, 20.5, '江夏区降水量大，多个水库水位上涨'),
(NOW(), 7, 58.9, 17.8, '东西湖区降水适中，排水系统正常运行');

-- 资源表数据
INSERT INTO resources (created_at, type, name, quantity, region_id, coordinate, available) VALUES
(NOW(), '抽水设备', '大功率移动泵', 8, 1, '[114.285, 30.585]', true),
(NOW(), 'sand', '防汛沙袋', 2000, 2, '[114.215, 30.575]', true),
(NOW(), '救生设备', '橡皮艇', 5, 3, '[114.345, 30.525]', true),
(NOW(), '人力资源', '应急救援队', 30, 4, '[114.220, 30.535]', true),
(NOW(), '抽水设备', '便携式水泵', 12, 5, '[114.305, 30.545]', true),
(NOW(), '救生设备', '救生衣', 150, 6, '[114.265, 30.415]', true),
(NOW(), '应急物资', '饮用水', 500, 7, '[114.138, 30.622]', true),
(NOW(), '交通设备', '冲锋舟', 3, 8, '[114.412, 30.513]', false);

-- 通知公告表数据
INSERT INTO notices (created_at, updated_at, user_id, title, content) VALUES
(NOW(), NOW(), 1, '武汉市2024年汛期防汛工作安排', '根据气象部门预测，今年汛期我市可能面临较大降雨压力，各区域需做好防汛准备工作。详细安排如下：1. 加强排水系统检查；2. 准备充足防汛物资；3. 组织防汛演练；4. 建立24小时值班制度。'),
(NOW(), NOW(), 1, '关于启动武汉市防汛应急预案的通知', '鉴于近期持续强降雨天气，市防汛指挥部决定即日起启动防汛Ⅲ级应急响应。各相关单位按照预案要求开展工作，确保人民群众生命财产安全。'),
(NOW(), NOW(), 3, '硚口区防汛物资调度通知', '硚口区防汛办公室通知：鉴于近期降雨预测，请辖区内各街道做好防汛物资准备，于7月10日前完成沙袋、抽水泵等防汛物资配备和人员培训工作。'),
(NOW(), NOW(), 4, '洪山区光谷片区排水系统检修公告', '为应对即将到来的汛期，洪山区将于6月25日至6月30日对光谷片区主要排水管网进行全面检修。检修期间可能影响部分区域排水效率，请居民提前做好准备。'),
(NOW(), NOW(), 6, '武昌区防汛志愿者招募通知', '武昌区防汛办公室现面向社会招募防汛志愿者，参与防汛宣传、物资发放、应急救援等工作。有意者请于7月5日前联系所在社区报名。');

-- 传感器表数据
INSERT INTO sensors (created_at, name, coordinate, description, available, region_id) VALUES
(NOW(), '江汉路水位监测站', '[114.286, 30.584]', '位于江汉路地下通道入口处，实时监测积水深度', true, 1),
(NOW(), '古田二路雨量监测站', '[114.216, 30.574]', '监测硚口区古田二路区域降雨量和路面积水情况', true, 2),
(NOW(), '光谷广场水位监测站', '[114.344, 30.524]', '监测洪山区光谷广场及周边地区积水情况', true, 3),
(NOW(), '鹦鹉大道积水监测站', '[114.219, 30.534]', '监测汉阳区鹦鹉大道低洼地带积水深度', false, 4),
(NOW(), '东亭路雨量监测站', '[114.304, 30.544]', '监测武昌区东亭路片区降雨量', true, 5),
(NOW(), '金口水库水位监测站', '[114.262, 30.414]', '监测江夏区金口水库水位变化', true, 6),
(NOW(), '吴家山排水监测站', '[114.136, 30.623]', '监测东西湖区吴家山片区排水系统运行状态', true, 7),
(NOW(), '四新雨量监测站', '[114.413, 30.512]', '监测汉南区四新片区降雨量和积水情况', true, 8);
